colorblindagent,1
strongagent,0.49408852877277093
lazyagent,0.49374668612352846
lyingagent1,0.34104190853951294
lyingagent2,0.49643450076920703
lyingagent3,0.5056432189886986
lyingagent4,0.3807330648064762
lyingagent5,0.5447367400501808
