lyingagent5,1
strongagent,0.5456520518346711
lazyagent,0.5113380969554047
colorblindagent,0.4254865901211029
lyingagent1,0.43230990497650323
lyingagent2,0.4340519584467793
lyingagent3,0.3850442610104379
lyingagent4,0.46810995690336465
