lazyagent,1
strongagent,0.4847654685022023
colorblindagent,0.4699608474843296
lyingagent1,0.4834433699511006
lyingagent2,0.42801661216040754
lyingagent3,0.4603851478350584
lyingagent4,0.5221835013780673
lyingagent5,0.520716469417351
