strongagent,1
lazyagent,0.5452058512948115
colorblindagent,0.46576557229845145
lyingagent1,0.4853362991729097
lyingagent2,0.4262979690876984
lyingagent3,0.45611112928159275
lyingagent4,0.5246509746284281
lyingagent5,0.5148985757775217
